<?xml version="1.0" encoding="utf-8"?>
<CompatReport xmlns="http://www.microsoft.com/ApplicationExperience/UpgradeAdvisor/01012009" MigXmlFile="HGBxo-h6akeXIaEL.9.8.0.0_APPRAISER_Migration.xml"><System X64Capable="True" X64Running="True"/><Hardware><HardwareItem HardwareType="Setup_BitlockerNoTargetSupport"><CompatibilityInfo BlockingType="None"/></HardwareItem><HardwareItem HardwareType="Setup_TargetIsNonStagedBuild"><CompatibilityInfo BlockingType="None"/></HardwareItem><HardwareItem HardwareType="Setup_LanguagePackDetected"><CompatibilityInfo BlockingType="None"/></HardwareItem><HardwareItem HardwareType="Setup_LicenseActivation"><CompatibilityInfo BlockingType="None"/></HardwareItem><HardwareItem HardwareType="Setup_FeaturesOnDemandDetected"><CompatibilityInfo BlockingType="None"/></HardwareItem><HardwareItem HardwareType="Setup_PendingFirmwareUpdateWithPower"><CompatibilityInfo BlockingType="None"/></HardwareItem><HardwareItem HardwareType="Setup_FlightSigningEnabled"><CompatibilityInfo BlockingType="None"/></HardwareItem><HardwareItem HardwareType="Setup_SecureBoot"><CompatibilityInfo BlockingType="None"/></HardwareItem></Hardware><SystemInfo UplevelEdition="Windows 10" OSMajorVersion="10" OSMinorVersion="0"/>
	<Devices/>
	<DriverPackages>
		<DriverPackage Inf="oem24.inf" BlockMigration="False" HasSignedBinaries="True"/>
		<DriverPackage Inf="oem28.inf" BlockMigration="False" HasSignedBinaries="True"/>
		<DriverPackage Inf="oem49.inf" BlockMigration="False" HasSignedBinaries="True"/>
		<DriverPackage Inf="oem52.inf" BlockMigration="False" HasSignedBinaries="True"/>
		<DriverPackage Inf="oem44.inf" BlockMigration="False" HasSignedBinaries="True"/>
		<DriverPackage Inf="oem43.inf" BlockMigration="False" HasSignedBinaries="True"/>
		<DriverPackage Inf="oem51.inf" BlockMigration="False" HasSignedBinaries="True"/>
		<DriverPackage Inf="oem38.inf" BlockMigration="False" HasSignedBinaries="True"/>
		<DriverPackage Inf="oem53.inf" BlockMigration="False" HasSignedBinaries="True"/>
		<DriverPackage Inf="oem47.inf" BlockMigration="False" HasSignedBinaries="True"/>
		<DriverPackage Inf="oem22.inf" BlockMigration="False" HasSignedBinaries="True"/>
		<DriverPackage Inf="oem20.inf" BlockMigration="False" HasSignedBinaries="True"/>
		<DriverPackage Inf="oem23.inf" BlockMigration="False" HasSignedBinaries="True"/>
		<DriverPackage Inf="oem46.inf" BlockMigration="False" HasSignedBinaries="True"/>
		<DriverPackage Inf="oem1.inf" BlockMigration="True" HasSignedBinaries="False"/>
		<DriverPackage Inf="oem0.inf" BlockMigration="True" HasSignedBinaries="False"/>
		<DriverPackage Inf="oem54.inf" BlockMigration="False" HasSignedBinaries="True"/>
		<DriverPackage Inf="oem57.inf" BlockMigration="False" HasSignedBinaries="True"/>
		<DriverPackage Inf="oem18.inf" BlockMigration="False" HasSignedBinaries="True"/>
	</DriverPackages>
	<Programs/>
</CompatReport>
