<?xml version="1.0" encoding="UTF-8"?>
<WicaRun>
  <RunInfos>
    <RunInfo>
      <Component Type="Inventory" TypeIdentifier="InventoryDevice" />
      <Component Type="Inventory" TypeIdentifier="InventorySystem" />
      <Component Type="DataSource" TypeIdentifier="DatasourceSdbBios" />
      <Component Type="DecisionMakerComponent" TypeIdentifier="DecisionTables" />
      <Component Type="DecisionMakerComponent" TypeIdentifier="DecisionTables" />
      <Component Type="Outputter" TypeIdentifier="OutputSetupXml" />
      <Component Type="Outputter" TypeIdentifier="OutputIcon" />
      <Component Type="Outputter" TypeIdentifier="OutputSetupStatus" />
      <Component Type="Outputter" TypeIdentifier="OutputBinary" />
      <Component Type="Outputter" TypeIdentifier="OutputEverything" />
      <Component Type="Metadata" TypeIdentifier="Metadata">
        <Property Name="Category" Value="System" />
        <Property Name="Namespace" Value="wsc:wica:" />
        <Property Name="OSDownlevelVersionMajor" Value="10" />
        <Property Name="OSDownlevelVersionMinor" Value="0" />
        <Property Name="ComputerName" Value="DESKTOP-RVU7BLR" />
        <Property Name="UplevelEdition" Value="Windows 10" />
        <Property Name="DownlevelEdition" Value="Windows 10 Pro" />
        <Property Name="IsVirtualMachine" Value="FALSE" />
        <Property Name="Architecture" Value="9" />
        <Property Name="ProductType" Value="Client" />
        <Property Name="SdbDbGuid" Value="{11111111-1111-1111-1111-111111111111}" />
      </Component>
    </RunInfo>
  </RunInfos>
  <Assets>
    <Asset>
      <PropertyList Type="Inventory">
        <Property Name="AssetType" Value="SSE2" />
        <Property Name="SSE2ProcessorSupport" Value="TRUE" />
      </PropertyList>
      <PropertyList Type="DataSource" />
      <PropertyList Type="DecisionMaker">
        <Property Name="ApplicableTargetVersion" Value="ALL" Ordinal="2" />
        <Property Name="ApplicableTargetVersion" Value="20H1" Ordinal="1" />
        <Property Name="DT_ANY_ALL_IncludeInTelemetryUnversioned" Value="TRUE" Ordinal="2" />
        <Property Name="DT_ANY_ALL_IncludeInTelemetryVersioned" Value="TRUE" Ordinal="1" />
        <Property Name="DT_ANY_PRF_ProcessorRequirementIssues" Value="FALSE" Ordinal="2" />
        <Property Name="DT_ANY_SYS_BlockingSystem" Value="FALSE" Ordinal="1" />
        <Property Name="DT_ANY_SYS_BlockingSystemUnversioned" Value="FALSE" Ordinal="2" />
      </PropertyList>
      <PropertyList Type="DecisionAggregator" />
    </Asset>
    <Asset>
      <PropertyList Type="Inventory">
        <Property Name="AssetType" Value="NX" />
        <Property Name="NXDriverResult" Value="NotApplicable" />
        <Property Name="NXProcessorSupport" Value="TRUE" />
      </PropertyList>
      <PropertyList Type="DataSource" />
      <PropertyList Type="DecisionMaker">
        <Property Name="ApplicableTargetVersion" Value="ALL" Ordinal="2" />
        <Property Name="ApplicableTargetVersion" Value="20H1" Ordinal="1" />
        <Property Name="DT_ANY_ALL_IncludeInTelemetryUnversioned" Value="TRUE" Ordinal="2" />
        <Property Name="DT_ANY_ALL_IncludeInTelemetryVersioned" Value="TRUE" Ordinal="1" />
        <Property Name="DT_ANY_PRF_ProcessorRequirementIssues" Value="FALSE" Ordinal="2" />
        <Property Name="DT_ANY_SYS_BlockingSystem" Value="FALSE" Ordinal="1" />
        <Property Name="DT_ANY_SYS_BlockingSystemUnversioned" Value="FALSE" Ordinal="2" />
      </PropertyList>
      <PropertyList Type="DecisionAggregator" />
    </Asset>
    <Asset>
      <PropertyList Type="Inventory">
        <Property Name="AssetType" Value="CompareExchange128" />
        <Property Name="CompareExchange128Support" Value="TRUE" />
      </PropertyList>
      <PropertyList Type="DataSource" />
      <PropertyList Type="DecisionMaker">
        <Property Name="ApplicableTargetVersion" Value="ALL" Ordinal="2" />
        <Property Name="ApplicableTargetVersion" Value="20H1" Ordinal="1" />
        <Property Name="DT_ANY_ALL_IncludeInTelemetryUnversioned" Value="TRUE" Ordinal="2" />
        <Property Name="DT_ANY_ALL_IncludeInTelemetryVersioned" Value="TRUE" Ordinal="1" />
        <Property Name="DT_ANY_PRF_ProcessorRequirementIssues" Value="FALSE" Ordinal="2" />
        <Property Name="DT_ANY_SYS_BlockingSystem" Value="FALSE" Ordinal="1" />
        <Property Name="DT_ANY_SYS_BlockingSystemUnversioned" Value="FALSE" Ordinal="2" />
      </PropertyList>
      <PropertyList Type="DecisionAggregator" />
    </Asset>
    <Asset>
      <PropertyList Type="Inventory">
        <Property Name="AssetType" Value="LahfSahf" />
        <Property Name="LahfSahfSupport" Value="TRUE" />
      </PropertyList>
      <PropertyList Type="DataSource" />
      <PropertyList Type="DecisionMaker">
        <Property Name="ApplicableTargetVersion" Value="ALL" Ordinal="2" />
        <Property Name="ApplicableTargetVersion" Value="20H1" Ordinal="1" />
        <Property Name="DT_ANY_ALL_IncludeInTelemetryUnversioned" Value="TRUE" Ordinal="2" />
        <Property Name="DT_ANY_ALL_IncludeInTelemetryVersioned" Value="TRUE" Ordinal="1" />
        <Property Name="DT_ANY_PRF_ProcessorRequirementIssues" Value="FALSE" Ordinal="2" />
        <Property Name="DT_ANY_SYS_BlockingSystem" Value="FALSE" Ordinal="1" />
        <Property Name="DT_ANY_SYS_BlockingSystemUnversioned" Value="FALSE" Ordinal="2" />
      </PropertyList>
      <PropertyList Type="DecisionAggregator" />
    </Asset>
    <Asset>
      <PropertyList Type="Inventory">
        <Property Name="AssetType" Value="PrefetchW" />
        <Property Name="PrefetchWSupport" Value="TRUE" />
      </PropertyList>
      <PropertyList Type="DataSource" />
      <PropertyList Type="DecisionMaker">
        <Property Name="ApplicableTargetVersion" Value="ALL" Ordinal="2" />
        <Property Name="ApplicableTargetVersion" Value="20H1" Ordinal="1" />
        <Property Name="DT_ANY_ALL_IncludeInTelemetryUnversioned" Value="TRUE" Ordinal="2" />
        <Property Name="DT_ANY_ALL_IncludeInTelemetryVersioned" Value="TRUE" Ordinal="1" />
        <Property Name="DT_ANY_PRF_ProcessorRequirementIssues" Value="FALSE" Ordinal="2" />
        <Property Name="DT_ANY_SYS_BlockingSystem" Value="FALSE" Ordinal="1" />
        <Property Name="DT_ANY_SYS_BlockingSystemUnversioned" Value="FALSE" Ordinal="2" />
      </PropertyList>
      <PropertyList Type="DecisionAggregator" />
    </Asset>
    <Asset>
      <PropertyList Type="Inventory">
        <Property Name="AssetType" Value="Wlan" />
        <Property Name="WlanEmulatedDriver" Value="FALSE" />
        <Property Name="WlanExists" Value="TRUE" />
        <Property Name="WlanModulePresent" Value="TRUE" />
        <Property Name="WlanNativeDriver" Value="TRUE" />
      </PropertyList>
      <PropertyList Type="DataSource" />
      <PropertyList Type="DecisionMaker">
        <Property Name="ApplicableTargetVersion" Value="ALL" Ordinal="2" />
        <Property Name="ApplicableTargetVersion" Value="20H1" Ordinal="1" />
        <Property Name="DT_ALL_WLN_HasWlanBlock" Value="FALSE" Ordinal="2" />
        <Property Name="DT_ANY_ALL_IncludeInTelemetryUnversioned" Value="TRUE" Ordinal="2" />
        <Property Name="DT_ANY_ALL_IncludeInTelemetryVersioned" Value="TRUE" Ordinal="1" />
        <Property Name="DT_ANY_SYS_BlockingSystem" Value="FALSE" Ordinal="1" />
        <Property Name="DT_ANY_SYS_BlockingSystemUnversioned" Value="FALSE" Ordinal="2" />
      </PropertyList>
      <PropertyList Type="DecisionAggregator" />
    </Asset>
    <Asset>
      <PropertyList Type="Inventory">
        <Property Name="AssetType" Value="Wim" />
        <Property Name="RegistryWimBootValue" Value="0" />
      </PropertyList>
      <PropertyList Type="DataSource" />
      <PropertyList Type="DecisionMaker">
        <Property Name="ApplicableTargetVersion" Value="ALL" Ordinal="2" />
        <Property Name="ApplicableTargetVersion" Value="20H1" Ordinal="1" />
        <Property Name="DT_ALL_WIM_IsWimBoot" Value="FALSE" Ordinal="1" />
        <Property Name="DT_ANY_ALL_IncludeInTelemetryUnversioned" Value="TRUE" Ordinal="2" />
        <Property Name="DT_ANY_ALL_IncludeInTelemetryVersioned" Value="TRUE" Ordinal="1" />
      </PropertyList>
      <PropertyList Type="DecisionAggregator" />
    </Asset>
    <Asset>
      <PropertyList Type="Inventory">
        <Property Name="AssetType" Value="Bios" Ordinal="1" />
        <Property Name="biosDate" Value="20230209000000.000000+000" Ordinal="6" />
        <Property Name="biosName" Value="F64a" Ordinal="4" />
        <Property Name="biosVersion" Value="F64a" Ordinal="5" />
        <Property Name="manufacturer" Value="Gigabyte Technology Co., Ltd." Ordinal="2" />
        <Property Name="model" Value="X470 AORUS ULTRA GAMING" Ordinal="3" />
      </PropertyList>
      <PropertyList Type="DataSource" />
      <PropertyList Type="DecisionMaker">
        <Property Name="ApplicableTargetVersion" Value="ALL" Ordinal="2" />
        <Property Name="ApplicableTargetVersion" Value="20H1" Ordinal="1" />
        <Property Name="DT_ALL_BIO_DisplayAsGenericHardwareGated" Value="FALSE" Ordinal="1" />
        <Property Name="DT_ANY_ALL_IncludeInTelemetryUnversioned" Value="TRUE" Ordinal="2" />
        <Property Name="DT_ANY_ALL_IncludeInTelemetryVersioned" Value="TRUE" Ordinal="1" />
        <Property Name="DT_ANY_SYS_BlockingSystem" Value="FALSE" Ordinal="1" />
        <Property Name="DT_ANY_SYS_BlockingSystemUnversioned" Value="FALSE" Ordinal="2" />
        <Property Name="DT_ORD_BIO_HasBiosBlockForMode" Value="FALSE" Ordinal="1" />
        <Property Name="DT_ORD_GAT_HasGatedSdbEntry" Value="FALSE" Ordinal="1" />
        <Property Name="DT_ORD_GAT_HasGatedWarnSdbEntry" Value="FALSE" Ordinal="1" />
      </PropertyList>
      <PropertyList Type="DecisionAggregator" />
    </Asset>
    <Asset>
      <PropertyList Type="Inventory">
        <Property Name="AssetType" Value="Memory" Ordinal="1" />
        <Property Name="pageFile" Value="39622299648" Ordinal="2" />
        <Property Name="ram" Value="34253590528" Ordinal="3" />
        <Property Name="ramKB" Value="33554432" Ordinal="5" />
        <Property Name="virtual" Value="140737488224256" Ordinal="4" />
        <Property Name="virtualKB" Value="137438953344" Ordinal="6" />
      </PropertyList>
      <PropertyList Type="DataSource" />
      <PropertyList Type="DecisionMaker">
        <Property Name="ApplicableTargetVersion" Value="ALL" Ordinal="2" />
        <Property Name="ApplicableTargetVersion" Value="20H1" Ordinal="1" />
        <Property Name="DT_ANY_ALL_IncludeInTelemetryUnversioned" Value="TRUE" Ordinal="2" />
        <Property Name="DT_ANY_ALL_IncludeInTelemetryVersioned" Value="TRUE" Ordinal="1" />
        <Property Name="DT_ANY_MEM_MemoryRequirementViolatedForArchitecture" Value="FALSE" Ordinal="2" />
        <Property Name="DT_ANY_SYS_BlockingSystem" Value="FALSE" Ordinal="1" />
        <Property Name="DT_ANY_SYS_BlockingSystemUnversioned" Value="FALSE" Ordinal="2" />
      </PropertyList>
      <PropertyList Type="DecisionAggregator" />
    </Asset>
  </Assets>
</WicaRun>