﻿<xml xmlns:s="uuid:BDC6E3F0-6DA3-11d1-A2A3-00AA00C14882"
 xmlns:dt="uuid:C2F41010-65B3-11d1-A29F-00AA00C14882"
 xmlns:rs="urn:schemas-microsoft-com:rowset"
 xmlns:z="#RowsetSchema">
<s:Schema id="RowsetSchema">
<s:ElementType name="row" content="eltOnly" rs:updatable="true">
<s:AttributeType name="Cls" rs:number="0">
<s:datatype dt:type="string"/>
</s:AttributeType>
<s:AttributeType name="Sev" rs:number="1">
<s:datatype dt:type="int"/>
</s:AttributeType>
<s:AttributeType name="Maj" rs:number="2">
<s:datatype dt:type="string"/>
</s:AttributeType>
<s:AttributeType name="Min" rs:number="3">
<s:datatype dt:type="string"/>
</s:AttributeType>
<s:AttributeType name="LN" rs:number="4">
<s:datatype dt:type="int"/>
</s:AttributeType>
<s:AttributeType name="Fil" rs:number="5">
<s:datatype dt:type="string"/>
</s:AttributeType>
<s:AttributeType name="Fun" rs:number="6">
<s:datatype dt:type="string"/>
</s:AttributeType>
<s:AttributeType name="Uid" rs:number="7">
<s:datatype dt:type="int"/>
</s:AttributeType>
<s:AttributeType name="Msg" rs:number="8">
<s:datatype dt:type="string"/>
</s:AttributeType>
<s:AttributeType name="PID" rs:number="9">
<s:datatype dt:type="int"/>
</s:AttributeType>
<s:AttributeType name="TID" rs:number="10">
<s:datatype dt:type="int"/>
</s:AttributeType>
<s:AttributeType name="Con" rs:number="11">
<s:datatype dt:type="string"/>
</s:AttributeType>
<s:AttributeType name="Exe" rs:number="12">
<s:datatype dt:type="string"/>
</s:AttributeType>
<s:AttributeType name="Mod" rs:number="13">
<s:datatype dt:type="string"/>
</s:AttributeType>
<s:AttributeType name="Err" rs:number="14">
<s:datatype dt:type="int"/>
</s:AttributeType>
<s:AttributeType name="MD" rs:number="15">
<s:datatype dt:type="hexBinary"/>
</s:AttributeType>
<s:AttributeType name="DT" rs:number="16">
<s:datatype dt:type="dateTime"/>
</s:AttributeType>
</s:ElementType>
</s:Schema>
<rs:data>
<z:row Cls="D" Sev="33554432" Maj="Def" Min="Def" LN="663" Fil="" Fun="CSetupDiagnostics::LogString" Uid="34242560" Msg="CInstallUI::GetDefaultLanguage(2027): Result = 0x80070002" PID="5004" TID="11668" Con="" Exe="C:\$Windows.~WS\Sources\SetupHost.Exe" Mod="MediaSetupUIMgr.dll" Err="2" MD="" DT="2023-05-23T12:01:15"/>
<z:row Cls="D" Sev="33554432" Maj="Def" Min="Def" LN="663" Fil="" Fun="CSetupDiagnostics::LogString" Uid="34242560" Msg="CDlpActionLayoutIso::ExecuteRoutine(590): Result = 0x80070070" PID="5004" TID="7264" Con="" Exe="C:\$Windows.~WS\Sources\SetupHost.Exe" Mod="SetupHost.Exe" Err="112" MD="" DT="2023-05-23T12:23:09"/>
<z:row Cls="D" Sev="33554432" Maj="Def" Min="Def" LN="663" Fil="" Fun="CSetupDiagnostics::LogString" Uid="34242560" Msg="LayoutIso: Deleting ISO file due to error: 0x80070070" PID="5004" TID="7264" Con="" Exe="C:\$Windows.~WS\Sources\SetupHost.Exe" Mod="SetupHost.Exe" Err="112" MD="" DT="2023-05-23T12:23:09"/>
<z:row Cls="D" Sev="33554432" Maj="Def" Min="Def" LN="663" Fil="" Fun="CSetupDiagnostics::LogString" Uid="34242560" Msg="CDlpActionImpl&lt;class CDlpErrorImpl&lt;class CDlpObjectInternalImpl&lt;class CUnknownImpl&lt;class IDlpAction&gt; &gt; &gt; &gt;::Execute(493): Result = 0x80070070" PID="5004" TID="7264" Con="" Exe="C:\$Windows.~WS\Sources\SetupHost.Exe" Mod="SetupHost.Exe" Err="0" MD="" DT="2023-05-23T12:23:12"/>
<z:row Cls="D" Sev="33554432" Maj="Def" Min="Def" LN="663" Fil="" Fun="CSetupDiagnostics::LogString" Uid="34242560" Msg="CDlpTask::ExecuteAction(3300): Result = 0x80070070" PID="5004" TID="7264" Con="" Exe="C:\$Windows.~WS\Sources\SetupHost.Exe" Mod="SetupHost.Exe" Err="0" MD="" DT="2023-05-23T12:23:12"/>
<z:row Cls="D" Sev="33554432" Maj="Def" Min="Def" LN="663" Fil="" Fun="CSetupDiagnostics::LogString" Uid="34242560" Msg="CDlpTask::ExecuteActions(3454): Result = 0x80070070" PID="5004" TID="13164" Con="" Exe="C:\$Windows.~WS\Sources\SetupHost.Exe" Mod="SetupHost.Exe" Err="0" MD="" DT="2023-05-23T12:23:12"/>
<z:row Cls="D" Sev="33554432" Maj="Def" Min="Def" LN="663" Fil="" Fun="CSetupDiagnostics::LogString" Uid="34242560" Msg="CDlpTask::Execute(1631): Result = 0x80070070" PID="5004" TID="13164" Con="" Exe="C:\$Windows.~WS\Sources\SetupHost.Exe" Mod="SetupHost.Exe" Err="0" MD="" DT="2023-05-23T12:23:12"/>
<z:row Cls="D" Sev="33554432" Maj="Def" Min="Def" LN="663" Fil="" Fun="CSetupDiagnostics::LogString" Uid="34242560" Msg="CSetupManager::ExecuteTask(2630): Result = 0x80070070" PID="5004" TID="13164" Con="" Exe="C:\$Windows.~WS\Sources\SetupHost.Exe" Mod="SetupMgr.dll" Err="0" MD="" DT="2023-05-23T12:23:12"/>
<z:row Cls="D" Sev="33554432" Maj="Def" Min="Def" LN="663" Fil="" Fun="CSetupDiagnostics::LogString" Uid="34242560" Msg="CSetupManager::ExecuteTask(2593): Result = 0x80070070" PID="5004" TID="13164" Con="" Exe="C:\$Windows.~WS\Sources\SetupHost.Exe" Mod="SetupMgr.dll" Err="0" MD="" DT="2023-05-23T12:23:12"/>
<z:row Cls="D" Sev="33554432" Maj="Def" Min="Def" LN="663" Fil="" Fun="CSetupDiagnostics::LogString" Uid="34242560" Msg="CSetupManager::ExecuteDownloadMode(8817): Result = 0x80070070" PID="5004" TID="13164" Con="" Exe="C:\$Windows.~WS\Sources\SetupHost.Exe" Mod="SetupMgr.dll" Err="0" MD="" DT="2023-05-23T12:23:12"/>
<z:row Cls="D" Sev="33554432" Maj="Def" Min="Def" LN="663" Fil="" Fun="CSetupDiagnostics::LogString" Uid="34242560" Msg="CSetupManager::ExecuteDownlevelMode(406): Result = 0x80070070" PID="5004" TID="13164" Con="" Exe="C:\$Windows.~WS\Sources\SetupHost.Exe" Mod="SetupMgr.dll" Err="0" MD="" DT="2023-05-23T12:23:12"/>
<z:row Cls="D" Sev="33554432" Maj="Def" Min="Def" LN="663" Fil="" Fun="CSetupDiagnostics::LogString" Uid="34242560" Msg="CSetupManager::GetDUSetupResults(6511): Result = 0x80070490" PID="5004" TID="12780" Con="" Exe="C:\$Windows.~WS\Sources\SetupHost.Exe" Mod="SetupMgr.dll" Err="0" MD="" DT="2023-05-23T12:23:12"/>
<z:row Cls="D" Sev="33554432" Maj="Def" Min="Def" LN="663" Fil="" Fun="CSetupDiagnostics::LogString" Uid="34242560" Msg="CSetupManager::Execute(295): Result = 0xC19001DF" PID="5004" TID="13164" Con="" Exe="C:\$Windows.~WS\Sources\SetupHost.Exe" Mod="SetupMgr.dll" Err="0" MD="" DT="2023-05-23T12:23:13"/>
<z:row Cls="D" Sev="33554432" Maj="Def" Min="Def" LN="663" Fil="" Fun="CSetupDiagnostics::LogString" Uid="34242560" Msg="CSetupHost::Execute(433): Result = 0xC19001DF" PID="5004" TID="13164" Con="" Exe="C:\$Windows.~WS\Sources\SetupHost.Exe" Mod="SetupHost.Exe" Err="0" MD="" DT="2023-05-23T12:23:13"/>
<z:row Cls="D" Sev="33554432" Maj="Def" Min="Def" LN="663" Fil="" Fun="CSetupDiagnostics::LogString" Uid="34242560" Msg="SetupHost: Diagnostic tool does not exist [C:\$Windows.~WS\Sources\SetupDiag.exe]" PID="5004" TID="13164" Con="" Exe="C:\$Windows.~WS\Sources\SetupHost.Exe" Mod="SetupHost.Exe" Err="2" MD="" DT="2023-05-23T12:23:13"/>
<z:row Cls="D" Sev="33554432" Maj="Def" Min="Def" LN="663" Fil="" Fun="CSetupDiagnostics::LogString" Uid="34242560" Msg="CSetupHost::ExecuteDiagnosticAnalysis(1541): Result = 0x80070003" PID="5004" TID="13164" Con="" Exe="C:\$Windows.~WS\Sources\SetupHost.Exe" Mod="SetupHost.Exe" Err="2" MD="" DT="2023-05-23T12:23:13"/>
</rs:data>
</xml>
