<?xml version='1.0' encoding='utf-8'?>
<ActionList xmlns="urn:schemas-microsoft-com:os-update-actionlist" SessionId="2023-05-23T11:59:29" Revision="1" SessionData="MediaBasedUpgradeUsingLocalCompDB" BuildInfo="vb_release.19041.1.191206-1406" CorrelationVector="MIiKJdHVA06Kgw4C.1" Operation="MediaBasedUpgradeUsingLocalCompDB">
    <Downloads>
        <Package Id="amd64_Microsoft-OneCore-ApplicationModel-Sync-Desktop-FOD-Package" Reason="OnDemand" PayloadType="Canonical" FeatureId="OneCoreUAP.OneSync~~1.0">
            <Payload Hash="j3JYuyZcOtRgvKABuGqQqWCs8Nouqh3snBIP4aSaCb8=" DownloadSize="3337687" SourceName="Microsoft-OneCore-ApplicationModel-Sync-Desktop-FOD-Package~31bf3856ad364e35~amd64~~.cab" SourcePath="FeaturesOnDemand\neutral\cabs"/>
        </Package>
        <Package Id="amd64_Microsoft-OneCore-DirectX-Database-FOD-Package" Reason="OnDemand" PayloadType="Canonical" FeatureId="DirectX.Configuration.Database~~1.0">
            <Payload Hash="Yelvy5dHVFQgJICtdYW3NlJy09oGgw5Wa8NRAFCsAJs=" DownloadSize="495034" SourceName="Microsoft-OneCore-DirectX-Database-FOD-Package~31bf3856ad364e35~amd64~~.cab" SourcePath="FeaturesOnDemand\neutral\cabs"/>
        </Package>
        <Package Id="amd64_Microsoft-Windows-Hello-Face-Package" Reason="OnDemand" PayloadType="Canonical" FeatureId="Hello.Face.18967~~1.0">
            <Payload Hash="Luj+x+GE7/MesuRITpuWSV/hnPLqjM+gy2td//j8jP8=" DownloadSize="39733490" SourceName="Microsoft-Windows-Hello-Face-Package~31bf3856ad364e35~amd64~~.cab" SourcePath="FeaturesOnDemand\neutral\cabs"/>
        </Package>
        <Package Id="amd64_Microsoft-Windows-InternetExplorer-Optional-Package" Reason="OnDemand" PayloadType="Canonical" FeatureId="Browser.InternetExplorer~~11.0">
            <Payload Hash="dNfvg43zYnFZ0WTsKGFMdCnfLIlyRZRUiVoQ+oxmYRQ=" DownloadSize="292619" SourceName="Microsoft-Windows-InternetExplorer-Optional-Package~31bf3856ad364e35~amd64~~.cab" SourcePath="FeaturesOnDemand\neutral\cabs"/>
        </Package>
        <Package Id="amd64_Microsoft-Windows-LanguageFeatures-Basic-en-us-Package" Reason="OnDemand" PayloadType="Canonical" FeatureId="Language.Basic~en-us~1.0">
            <Payload Hash="NvLQ7KxwbnlzIzwP8AVLPjiWYUb6UctEegAhbAEBLUo=" DownloadSize="21605451" SourceName="Microsoft-Windows-LanguageFeatures-Basic-en-us-Package~31bf3856ad364e35~amd64~~.cab" SourcePath="FeaturesOnDemand\neutral\cabs"/>
        </Package>
        <Package Id="amd64_Microsoft-Windows-LanguageFeatures-Handwriting-en-us-Package" Reason="OnDemand" PayloadType="Canonical" FeatureId="Language.Handwriting~en-us~1.0">
            <Payload Hash="ryQ6VGkT7m9xPRwB8UZIKTB/2qEqvktIGcEOsme4oMQ=" DownloadSize="4899154" SourceName="Microsoft-Windows-LanguageFeatures-Handwriting-en-us-Package~31bf3856ad364e35~amd64~~.cab" SourcePath="FeaturesOnDemand\neutral\cabs"/>
        </Package>
        <Package Id="amd64_Microsoft-Windows-LanguageFeatures-OCR-en-us-Package" Reason="OnDemand" PayloadType="Canonical" FeatureId="Language.OCR~en-us~1.0">
            <Payload Hash="qp/meCscIVPg4WUUBNXmg/Lra5qzzDtq2+UANYAhGJc=" DownloadSize="156359" SourceName="Microsoft-Windows-LanguageFeatures-OCR-en-us-Package~31bf3856ad364e35~amd64~~.cab" SourcePath="FeaturesOnDemand\neutral\cabs"/>
        </Package>
        <Package Id="amd64_Microsoft-Windows-LanguageFeatures-Speech-en-us-Package" Reason="OnDemand" PayloadType="Canonical" FeatureId="Language.Speech~en-us~1.0">
            <Payload Hash="iV8jPaoQLZobBXav/Hs31jws3a0FiU4N3fz5fq4bkcU=" DownloadSize="64418541" SourceName="Microsoft-Windows-LanguageFeatures-Speech-en-us-Package~31bf3856ad364e35~amd64~~.cab" SourcePath="FeaturesOnDemand\neutral\cabs"/>
        </Package>
        <Package Id="amd64_Microsoft-Windows-LanguageFeatures-TextToSpeech-en-us-Package" Reason="OnDemand" PayloadType="Canonical" FeatureId="Language.TextToSpeech~en-us~1.0">
            <Payload Hash="irH0TPc9Jp/yb2Ze8WLBwLEQ6MXockHLsFHQyXux/zk=" DownloadSize="50170806" SourceName="Microsoft-Windows-LanguageFeatures-TextToSpeech-en-us-Package~31bf3856ad364e35~amd64~~.cab" SourcePath="FeaturesOnDemand\neutral\cabs"/>
        </Package>
        <Package Id="amd64_Microsoft-Windows-MediaPlayer-Package" Reason="OnDemand" PayloadType="Canonical" FeatureId="Media.WindowsMediaPlayer~~12.0">
            <Payload Hash="ExHZY4wJ4ZPxrEGSfYKG1ifxFws24uEjRz+hef1r254=" DownloadSize="15093086" SourceName="Microsoft-Windows-MediaPlayer-Package~31bf3856ad364e35~amd64~~.cab" SourcePath="FeaturesOnDemand\neutral\cabs"/>
        </Package>
        <Package Id="amd64_Microsoft-Windows-NetFx3-OnDemand-Package" Reason="OnDemand" PayloadType="Canonical" FeatureId="NetFX3~">
            <Payload Hash="WGEHS4IiFSxtKimhWbe1zEczwsan94oQrl9lhenvHlk=" DownloadSize="72783629" SourceName="Microsoft-Windows-NetFx3-OnDemand-Package~31bf3856ad364e35~amd64~~.cab" SourcePath="FeaturesOnDemand\neutral\cabs"/>
        </Package>
        <Package Id="amd64_Microsoft-Windows-QuickAssist-Package" Reason="OnDemand" PayloadType="Canonical" FeatureId="App.Support.QuickAssist~~1.0">
            <Payload Hash="hAbyYjYgXvXfltNsKM4GSUU1FnzlYb9xYvTMvDL8/qs=" DownloadSize="400810" SourceName="Microsoft-Windows-QuickAssist-Package~31bf3856ad364e35~amd64~~.cab" SourcePath="FeaturesOnDemand\neutral\cabs"/>
        </Package>
        <Package Id="amd64_Microsoft-Windows-TabletPCMath-Package" Reason="OnDemand" PayloadType="Canonical" FeatureId="MathRecognizer~~1.0">
            <Payload Hash="2+3nj9VO0xNN9+YkJipKBXfickayxt+zd6B4OZFQySI=" DownloadSize="6546269" SourceName="Microsoft-Windows-TabletPCMath-Package~31bf3856ad364e35~amd64~~.cab" SourcePath="FeaturesOnDemand\neutral\cabs"/>
        </Package>
        <Package Id="amd64_Microsoft-Windows-UserExperience-Desktop-Package" Reason="OnDemand" PayloadType="Canonical" FeatureId="Windows.Client.ShellComponents~~1.0">
            <Payload Hash="LGU1j7qTu6rcskdvrRJo1+lHdD52L+2nGbZvfRV/ouE=" DownloadSize="5368753" SourceName="Microsoft-Windows-UserExperience-Desktop-Package~31bf3856ad364e35~amd64~~.cab" SourcePath="FeaturesOnDemand\neutral\cabs"/>
        </Package>
        <Package Id="amd64_OpenSSH-Client-Package" Reason="OnDemand" PayloadType="Canonical" FeatureId="OpenSSH.Client~~1.0">
            <Payload Hash="AE1KRiMwJwFyGELQnYKHu+RYWoCCs0eZ+tIPagrynyQ=" DownloadSize="1314377" SourceName="OpenSSH-Client-Package~31bf3856ad364e35~amd64~~.cab" SourcePath="FeaturesOnDemand\neutral\cabs"/>
        </Package>
        <Package Id="Microsoft-Windows-MSPaint-FoD-Package~31bf3856ad364e35~amd64~~" Reason="OnDemand" PayloadType="Canonical" FeatureId="Microsoft.Windows.MSPaint~~1.0">
            <Payload Hash="hEQdaB9HxWMsAtZNSdnC/Zs4psphaWNarqd9k3A/H9M=" DownloadSize="1947966" SourceName="Microsoft-Windows-MSPaint-FoD-Package~31bf3856ad364e35~amd64~~.cab" SourcePath="FeaturesOnDemand\neutral\cabs"/>
        </Package>
        <Package Id="Microsoft-Windows-MSPaint-FoD-Package~31bf3856ad364e35~wow64~~" Reason="Satellite" PayloadType="Canonical" FeatureId="Microsoft.Windows.MSPaint~~1.0">
            <Payload Hash="kyWawBBt1j4I/aMsON6kC16TT6z+UTSTR4jTlTGRm0o=" DownloadSize="327610" SourceName="Microsoft-Windows-MSPaint-FoD-Package~31bf3856ad364e35~wow64~~.cab" SourcePath="FeaturesOnDemand\neutral\cabs"/>
        </Package>
        <Package Id="Microsoft-Windows-Notepad-FoD-Package~31bf3856ad364e35~amd64~~" Reason="OnDemand" PayloadType="Canonical" FeatureId="Microsoft.Windows.Notepad~~1.0">
            <Payload Hash="6/4i91uN4W5uRtiTs5Khgx+NeRU0amwdmHhd+N7W8PE=" DownloadSize="204240" SourceName="Microsoft-Windows-Notepad-FoD-Package~31bf3856ad364e35~amd64~~.cab" SourcePath="FeaturesOnDemand\neutral\cabs"/>
        </Package>
        <Package Id="Microsoft-Windows-Notepad-FoD-Package~31bf3856ad364e35~wow64~~" Reason="Satellite" PayloadType="Canonical" FeatureId="Microsoft.Windows.Notepad~~1.0">
            <Payload Hash="8DttfLb6el1t30yNmsiQYsKZLIAFV2LIsCnE+0fYjzI=" DownloadSize="97470" SourceName="Microsoft-Windows-Notepad-FoD-Package~31bf3856ad364e35~wow64~~.cab" SourcePath="FeaturesOnDemand\neutral\cabs"/>
        </Package>
        <Package Id="Microsoft-Windows-PowerShell-ISE-FOD-Package~31bf3856ad364e35~amd64~~" Reason="OnDemand" PayloadType="Canonical" FeatureId="Microsoft.Windows.PowerShell.ISE~~1.0">
            <Payload Hash="EvSAHmdsANA3XjtyfOqlEOs2IEfnmXx0bPaGWKvZka4=" DownloadSize="1113130" SourceName="Microsoft-Windows-PowerShell-ISE-FOD-Package~31bf3856ad364e35~amd64~~.cab" SourcePath="FeaturesOnDemand\neutral\cabs"/>
        </Package>
        <Package Id="Microsoft-Windows-PowerShell-ISE-FOD-Package~31bf3856ad364e35~wow64~~" Reason="Satellite" PayloadType="Canonical" FeatureId="Microsoft.Windows.PowerShell.ISE~~1.0">
            <Payload Hash="MAfXlE6+5h6+pn5iIOzh1y6pXszg50EM7oHbmboNSws=" DownloadSize="112241" SourceName="Microsoft-Windows-PowerShell-ISE-FOD-Package~31bf3856ad364e35~wow64~~.cab" SourcePath="FeaturesOnDemand\neutral\cabs"/>
        </Package>
        <Package Id="Microsoft-Windows-Printing-PMCPPC-FoD-Package~31bf3856ad364e35~amd64~~" Reason="OnDemand" PayloadType="Canonical" FeatureId="Print.Management.Console~~1.0">
            <Payload Hash="OJh50VUdq4QyVYbQs3c6c3LEg4IsFehKzM9IzJcjW10=" DownloadSize="402922" SourceName="Microsoft-Windows-Printing-PMCPPC-FoD-Package~31bf3856ad364e35~amd64~~.cab" SourcePath="FeaturesOnDemand\neutral\cabs"/>
        </Package>
        <Package Id="Microsoft-Windows-Printing-WFS-FoD-Package~31bf3856ad364e35~amd64~~" Reason="OnDemand" PayloadType="Canonical" FeatureId="Print.Fax.Scan~~1.0">
            <Payload Hash="8M2pag1GgyKfvYklv+DnEuNDqkPUC/T7n68v1JK6uPM=" DownloadSize="3264974" SourceName="Microsoft-Windows-Printing-WFS-FoD-Package~31bf3856ad364e35~amd64~~.cab" SourcePath="FeaturesOnDemand\neutral\cabs"/>
        </Package>
        <Package Id="Microsoft-Windows-StepsRecorder-Package~31bf3856ad364e35~amd64~~" Reason="OnDemand" PayloadType="Canonical" FeatureId="App.StepsRecorder~~1.0">
            <Payload Hash="oBWPtF6GkEowm+LpI4tdD5he9DrsFGQzevuBhwBYX6c=" DownloadSize="294767" SourceName="Microsoft-Windows-StepsRecorder-Package~31bf3856ad364e35~amd64~~.cab" SourcePath="FeaturesOnDemand\neutral\cabs"/>
        </Package>
        <Package Id="Microsoft-Windows-StepsRecorder-Package~31bf3856ad364e35~wow64~~" Reason="Satellite" PayloadType="Canonical" FeatureId="App.StepsRecorder~~1.0">
            <Payload Hash="9g9OmOtoKGceXq+FYa6QQo36hZ/SY90x5RhcBkXTOJQ=" DownloadSize="105708" SourceName="Microsoft-Windows-StepsRecorder-Package~31bf3856ad364e35~wow64~~.cab" SourcePath="FeaturesOnDemand\neutral\cabs"/>
        </Package>
        <Package Id="Microsoft-Windows-WordPad-FoD-Package~31bf3856ad364e35~amd64~~" Reason="OnDemand" PayloadType="Canonical" FeatureId="Microsoft.Windows.WordPad~~1.0">
            <Payload Hash="vjGD8Ig5kpNEapxiEyBSP6neKBfOJowjW9/yUYWhNk0=" DownloadSize="928927" SourceName="Microsoft-Windows-WordPad-FoD-Package~31bf3856ad364e35~amd64~~.cab" SourcePath="FeaturesOnDemand\neutral\cabs"/>
        </Package>
        <Package Id="Microsoft-Windows-WordPad-FoD-Package~31bf3856ad364e35~wow64~~" Reason="Satellite" PayloadType="Canonical" FeatureId="Microsoft.Windows.WordPad~~1.0">
            <Payload Hash="MyIwMD1Hhiy8XxXZoeWFt2By+Fe6l050AmZCJBUl/Gk=" DownloadSize="873137" SourceName="Microsoft-Windows-WordPad-FoD-Package~31bf3856ad364e35~wow64~~.cab" SourcePath="FeaturesOnDemand\neutral\cabs"/>
        </Package>
    </Downloads>
    <Plan>
        <InstallFeature Id="App.StepsRecorder~~1.0" Group="Microsoft"/>
        <InstallFeature Id="App.Support.QuickAssist~~1.0" Group="Microsoft"/>
        <InstallFeature Id="Browser.InternetExplorer~~11.0" Group="Microsoft"/>
        <InstallFeature Id="DirectX.Configuration.Database~~1.0" Group="Microsoft"/>
        <InstallFeature Id="Hello.Face.18967~~1.0" Group="Microsoft"/>
        <InstallFeature Id="Language.Basic~en-us~1.0" Group="Microsoft"/>
        <InstallFeature Id="Language.Handwriting~en-us~1.0" Group="Microsoft"/>
        <InstallFeature Id="Language.OCR~en-us~1.0" Group="Microsoft"/>
        <InstallFeature Id="Language.Speech~en-us~1.0" Group="Microsoft"/>
        <InstallFeature Id="Language.TextToSpeech~en-us~1.0" Group="Microsoft"/>
        <InstallFeature Id="MathRecognizer~~1.0" Group="Microsoft"/>
        <InstallFeature Id="Media.WindowsMediaPlayer~~12.0" Group="Microsoft"/>
        <InstallFeature Id="Microsoft.Windows.MSPaint~~1.0" Group="Microsoft"/>
        <InstallFeature Id="Microsoft.Windows.Notepad~~1.0" Group="Microsoft"/>
        <InstallFeature Id="Microsoft.Windows.PowerShell.ISE~~1.0" Group="Microsoft"/>
        <InstallFeature Id="Microsoft.Windows.WordPad~~1.0" Group="Microsoft"/>
        <InstallFeature Id="NetFX3~" Group="Microsoft"/>
        <InstallFeature Id="OneCoreUAP.OneSync~~1.0" Group="Microsoft"/>
        <InstallFeature Id="OpenSSH.Client~~1.0" Group="Microsoft"/>
        <InstallFeature Id="Print.Fax.Scan~~1.0" Group="Microsoft"/>
        <InstallFeature Id="Print.Management.Console~~1.0" Group="Microsoft"/>
        <InstallFeature Id="Windows.Client.ShellComponents~~1.0" Group="Microsoft"/>
        <InstallFeature Id="Language:en-US"/>
    </Plan>
    <Actions>
        <InstallPackage Keyform="Microsoft-Windows-StepsRecorder-Package~~amd64~~10.0.19041.1" InstalledSize="627306" StagedSize="0" FilePath="Microsoft-Windows-StepsRecorder-Package~31bf3856ad364e35~amd64~~.cab" Reason="OnDemand" FeatureId="App.StepsRecorder~~1.0" Partition="MainOS" BinaryPartition="false"/>
        <InstallPackage Keyform="Microsoft-Windows-StepsRecorder-Package~~wow64~~10.0.19041.1" InstalledSize="206407" StagedSize="0" FilePath="Microsoft-Windows-StepsRecorder-Package~31bf3856ad364e35~wow64~~.cab" Reason="Satellite" FeatureId="App.StepsRecorder~~1.0" Partition="MainOS" BinaryPartition="false"/>
        <InstallPackage Keyform="amd64_Microsoft-Windows-QuickAssist-Package~~amd64~~10.0.19041.1" InstalledSize="1517248" StagedSize="0" FilePath="Microsoft-Windows-QuickAssist-Package~31bf3856ad364e35~amd64~~.cab" Reason="OnDemand" FeatureId="App.Support.QuickAssist~~1.0" Partition="MainOS" BinaryPartition="false"/>
        <InstallPackage Keyform="amd64_Microsoft-Windows-InternetExplorer-Optional-Package~~amd64~~10.0.19041.1" InstalledSize="1681550" StagedSize="0" FilePath="Microsoft-Windows-InternetExplorer-Optional-Package~31bf3856ad364e35~amd64~~.cab" Reason="OnDemand" FeatureId="Browser.InternetExplorer~~11.0" Partition="MainOS" BinaryPartition="false"/>
        <InstallPackage Keyform="amd64_Microsoft-OneCore-DirectX-Database-FOD-Package~~amd64~~10.0.19041.1" InstalledSize="1393789" StagedSize="0" FilePath="Microsoft-OneCore-DirectX-Database-FOD-Package~31bf3856ad364e35~amd64~~.cab" Reason="OnDemand" FeatureId="DirectX.Configuration.Database~~1.0" Partition="MainOS" BinaryPartition="false"/>
        <InstallPackage Keyform="amd64_Microsoft-Windows-Hello-Face-Package~~amd64~~10.0.19041.1" InstalledSize="50263409" StagedSize="0" FilePath="Microsoft-Windows-Hello-Face-Package~31bf3856ad364e35~amd64~~.cab" Reason="OnDemand" FeatureId="Hello.Face.18967~~1.0" Partition="MainOS" BinaryPartition="false"/>
        <InstallPackage Keyform="amd64_Microsoft-Windows-LanguageFeatures-Basic-en-us-Package~~amd64~~10.0.19041.1" InstalledSize="42869621" StagedSize="0" FilePath="Microsoft-Windows-LanguageFeatures-Basic-en-us-Package~31bf3856ad364e35~amd64~~.cab" Reason="OnDemand" FeatureId="Language.Basic~en-us~1.0" Partition="MainOS" BinaryPartition="false"/>
        <InstallPackage Keyform="amd64_Microsoft-Windows-LanguageFeatures-Handwriting-en-us-Package~~amd64~~10.0.19041.1" InstalledSize="6566063" StagedSize="0" FilePath="Microsoft-Windows-LanguageFeatures-Handwriting-en-us-Package~31bf3856ad364e35~amd64~~.cab" Reason="OnDemand" FeatureId="Language.Handwriting~en-us~1.0" Partition="MainOS" BinaryPartition="false"/>
        <InstallPackage Keyform="amd64_Microsoft-Windows-LanguageFeatures-OCR-en-us-Package~~amd64~~10.0.19041.1" InstalledSize="233648" StagedSize="0" FilePath="Microsoft-Windows-LanguageFeatures-OCR-en-us-Package~31bf3856ad364e35~amd64~~.cab" Reason="OnDemand" FeatureId="Language.OCR~en-us~1.0" Partition="MainOS" BinaryPartition="false"/>
        <InstallPackage Keyform="amd64_Microsoft-Windows-LanguageFeatures-Speech-en-us-Package~~amd64~~10.0.19041.1" InstalledSize="100544485" StagedSize="0" FilePath="Microsoft-Windows-LanguageFeatures-Speech-en-us-Package~31bf3856ad364e35~amd64~~.cab" Reason="OnDemand" FeatureId="Language.Speech~en-us~1.0" Partition="MainOS" BinaryPartition="false"/>
        <InstallPackage Keyform="amd64_Microsoft-Windows-LanguageFeatures-TextToSpeech-en-us-Package~~amd64~~10.0.19041.1" InstalledSize="67965971" StagedSize="0" FilePath="Microsoft-Windows-LanguageFeatures-TextToSpeech-en-us-Package~31bf3856ad364e35~amd64~~.cab" Reason="OnDemand" FeatureId="Language.TextToSpeech~en-us~1.0" Partition="MainOS" BinaryPartition="false"/>
        <InstallPackage Keyform="amd64_Microsoft-Windows-TabletPCMath-Package~~amd64~~10.0.19041.1" InstalledSize="17468196" StagedSize="0" FilePath="Microsoft-Windows-TabletPCMath-Package~31bf3856ad364e35~amd64~~.cab" Reason="OnDemand" FeatureId="MathRecognizer~~1.0" Partition="MainOS" BinaryPartition="false"/>
        <InstallPackage Keyform="amd64_Microsoft-Windows-MediaPlayer-Package~~amd64~~10.0.19041.1" InstalledSize="40848206" StagedSize="0" FilePath="Microsoft-Windows-MediaPlayer-Package~31bf3856ad364e35~amd64~~.cab" Reason="OnDemand" FeatureId="Media.WindowsMediaPlayer~~12.0" Partition="MainOS" BinaryPartition="false"/>
        <InstallPackage Keyform="Microsoft-Windows-MSPaint-FoD-Package~~amd64~~10.0.19041.1" InstalledSize="3506269" StagedSize="0" FilePath="Microsoft-Windows-MSPaint-FoD-Package~31bf3856ad364e35~amd64~~.cab" Reason="OnDemand" FeatureId="Microsoft.Windows.MSPaint~~1.0" Partition="MainOS" BinaryPartition="false"/>
        <InstallPackage Keyform="Microsoft-Windows-MSPaint-FoD-Package~~wow64~~10.0.19041.1" InstalledSize="758123" StagedSize="0" FilePath="Microsoft-Windows-MSPaint-FoD-Package~31bf3856ad364e35~wow64~~.cab" Reason="Satellite" FeatureId="Microsoft.Windows.MSPaint~~1.0" Partition="MainOS" BinaryPartition="false"/>
        <InstallPackage Keyform="Microsoft-Windows-Notepad-FoD-Package~~amd64~~10.0.19041.1" InstalledSize="323934" StagedSize="0" FilePath="Microsoft-Windows-Notepad-FoD-Package~31bf3856ad364e35~amd64~~.cab" Reason="OnDemand" FeatureId="Microsoft.Windows.Notepad~~1.0" Partition="MainOS" BinaryPartition="false"/>
        <InstallPackage Keyform="Microsoft-Windows-Notepad-FoD-Package~~wow64~~10.0.19041.1" InstalledSize="178151" StagedSize="0" FilePath="Microsoft-Windows-Notepad-FoD-Package~31bf3856ad364e35~wow64~~.cab" Reason="Satellite" FeatureId="Microsoft.Windows.Notepad~~1.0" Partition="MainOS" BinaryPartition="false"/>
        <InstallPackage Keyform="Microsoft-Windows-PowerShell-ISE-FOD-Package~~amd64~~10.0.19041.1" InstalledSize="3580320" StagedSize="0" FilePath="Microsoft-Windows-PowerShell-ISE-FOD-Package~31bf3856ad364e35~amd64~~.cab" Reason="OnDemand" FeatureId="Microsoft.Windows.PowerShell.ISE~~1.0" Partition="MainOS" BinaryPartition="false"/>
        <InstallPackage Keyform="Microsoft-Windows-PowerShell-ISE-FOD-Package~~wow64~~10.0.19041.1" InstalledSize="233766" StagedSize="0" FilePath="Microsoft-Windows-PowerShell-ISE-FOD-Package~31bf3856ad364e35~wow64~~.cab" Reason="Satellite" FeatureId="Microsoft.Windows.PowerShell.ISE~~1.0" Partition="MainOS" BinaryPartition="false"/>
        <InstallPackage Keyform="Microsoft-Windows-WordPad-FoD-Package~~amd64~~10.0.19041.1" InstalledSize="3278311" StagedSize="0" FilePath="Microsoft-Windows-WordPad-FoD-Package~31bf3856ad364e35~amd64~~.cab" Reason="OnDemand" FeatureId="Microsoft.Windows.WordPad~~1.0" Partition="MainOS" BinaryPartition="false"/>
        <InstallPackage Keyform="Microsoft-Windows-WordPad-FoD-Package~~wow64~~10.0.19041.1" InstalledSize="2979998" StagedSize="0" FilePath="Microsoft-Windows-WordPad-FoD-Package~31bf3856ad364e35~wow64~~.cab" Reason="Satellite" FeatureId="Microsoft.Windows.WordPad~~1.0" Partition="MainOS" BinaryPartition="false"/>
        <InstallPackage Keyform="amd64_Microsoft-Windows-NetFx3-OnDemand-Package~~amd64~~10.0.19041.1" InstalledSize="248283907" StagedSize="0" FilePath="Microsoft-Windows-NetFx3-OnDemand-Package~31bf3856ad364e35~amd64~~.cab" Reason="OnDemand" FeatureId="NetFX3~" Partition="MainOS" BinaryPartition="false"/>
        <InstallPackage Keyform="amd64_Microsoft-OneCore-ApplicationModel-Sync-Desktop-FOD-Package~~amd64~~10.0.19041.1" InstalledSize="12497279" StagedSize="0" FilePath="Microsoft-OneCore-ApplicationModel-Sync-Desktop-FOD-Package~31bf3856ad364e35~amd64~~.cab" Reason="OnDemand" FeatureId="OneCoreUAP.OneSync~~1.0" Partition="MainOS" BinaryPartition="false"/>
        <InstallPackage Keyform="amd64_OpenSSH-Client-Package~~amd64~~10.0.19041.1" InstalledSize="5301296" StagedSize="0" FilePath="OpenSSH-Client-Package~31bf3856ad364e35~amd64~~.cab" Reason="OnDemand" FeatureId="OpenSSH.Client~~1.0" Partition="MainOS" BinaryPartition="false"/>
        <InstallPackage Keyform="Microsoft-Windows-Printing-WFS-FoD-Package~~amd64~~10.0.19041.1" InstalledSize="9381876" StagedSize="0" FilePath="Microsoft-Windows-Printing-WFS-FoD-Package~31bf3856ad364e35~amd64~~.cab" Reason="OnDemand" FeatureId="Print.Fax.Scan~~1.0" Partition="MainOS" BinaryPartition="false"/>
        <InstallPackage Keyform="Microsoft-Windows-Printing-PMCPPC-FoD-Package~~amd64~~10.0.19041.1" InstalledSize="1251498" StagedSize="0" FilePath="Microsoft-Windows-Printing-PMCPPC-FoD-Package~31bf3856ad364e35~amd64~~.cab" Reason="OnDemand" FeatureId="Print.Management.Console~~1.0" Partition="MainOS" BinaryPartition="false"/>
        <InstallPackage Keyform="amd64_Microsoft-Windows-UserExperience-Desktop-Package~~amd64~~10.0.19041.1" InstalledSize="22078380" StagedSize="0" FilePath="Microsoft-Windows-UserExperience-Desktop-Package~31bf3856ad364e35~amd64~~.cab" Reason="OnDemand" FeatureId="Windows.Client.ShellComponents~~1.0" Partition="MainOS" BinaryPartition="false"/>
    </Actions>
</ActionList>
