﻿<xml xmlns:s="uuid:BDC6E3F0-6DA3-11d1-A2A3-00AA00C14882"
 xmlns:dt="uuid:C2F41010-65B3-11d1-A29F-00AA00C14882"
 xmlns:rs="urn:schemas-microsoft-com:rowset"
 xmlns:z="#RowsetSchema">
<s:Schema id="RowsetSchema">
<s:ElementType name="row" content="eltOnly" rs:updatable="true">
<s:AttributeType name="Cls" rs:number="0">
<s:datatype dt:type="string"/>
</s:AttributeType>
<s:AttributeType name="Sev" rs:number="1">
<s:datatype dt:type="int"/>
</s:AttributeType>
<s:AttributeType name="Maj" rs:number="2">
<s:datatype dt:type="string"/>
</s:AttributeType>
<s:AttributeType name="Min" rs:number="3">
<s:datatype dt:type="string"/>
</s:AttributeType>
<s:AttributeType name="LN" rs:number="4">
<s:datatype dt:type="int"/>
</s:AttributeType>
<s:AttributeType name="Fil" rs:number="5">
<s:datatype dt:type="string"/>
</s:AttributeType>
<s:AttributeType name="Fun" rs:number="6">
<s:datatype dt:type="string"/>
</s:AttributeType>
<s:AttributeType name="Uid" rs:number="7">
<s:datatype dt:type="int"/>
</s:AttributeType>
<s:AttributeType name="Msg" rs:number="8">
<s:datatype dt:type="string"/>
</s:AttributeType>
<s:AttributeType name="PID" rs:number="9">
<s:datatype dt:type="int"/>
</s:AttributeType>
<s:AttributeType name="TID" rs:number="10">
<s:datatype dt:type="int"/>
</s:AttributeType>
<s:AttributeType name="Con" rs:number="11">
<s:datatype dt:type="string"/>
</s:AttributeType>
<s:AttributeType name="Exe" rs:number="12">
<s:datatype dt:type="string"/>
</s:AttributeType>
<s:AttributeType name="Mod" rs:number="13">
<s:datatype dt:type="string"/>
</s:AttributeType>
<s:AttributeType name="Err" rs:number="14">
<s:datatype dt:type="int"/>
</s:AttributeType>
<s:AttributeType name="MD" rs:number="15">
<s:datatype dt:type="hexBinary"/>
</s:AttributeType>
<s:AttributeType name="DT" rs:number="16">
<s:datatype dt:type="dateTime"/>
</s:AttributeType>
</s:ElementType>
</s:Schema>
<rs:data>
<z:row Cls="D" Sev="50331648" Maj="Def" Min="Def" LN="663" Fil="" Fun="CSetupDiagnostics::LogString" Uid="51019776" Msg="SetupHost: Unexpected scenario - defaulting postoobe/rollback commands!" PID="5004" TID="13164" Con="" Exe="C:\$Windows.~WS\Sources\SetupHost.Exe" Mod="SetupHost.Exe" Err="0" MD="" DT="2023-05-23T12:01:15"/>
<z:row Cls="D" Sev="50331648" Maj="Def" Min="Def" LN="663" Fil="" Fun="CSetupDiagnostics::LogString" Uid="51019776" Msg="ConnectToSourceUrl: Unable to retrieve proxy info for URL -&gt; [0x2f94]." PID="5004" TID="13164" Con="" Exe="C:\$Windows.~WS\Sources\SetupHost.Exe" Mod="SetupHost.Exe" Err="12180" MD="" DT="2023-05-23T12:01:15"/>
<z:row Cls="D" Sev="50331648" Maj="Def" Min="Def" LN="663" Fil="" Fun="CSetupDiagnostics::LogString" Uid="51019776" Msg="CSetupDiagnostics::ReportData - Not reporting WINDLP data point [0x2002]" PID="5004" TID="1280" Con="" Exe="C:\$Windows.~WS\Sources\SetupHost.Exe" Mod="SetupHost.Exe" Err="0" MD="" DT="2023-05-23T12:01:16"/>
<z:row Cls="D" Sev="50331648" Maj="Def" Min="Def" LN="663" Fil="" Fun="CSetupDiagnostics::LogString" Uid="51019776" Msg="ConnectToSourceUrl: Unable to retrieve proxy info for URL -&gt; [0x2f94]." PID="5004" TID="1280" Con="" Exe="C:\$Windows.~WS\Sources\SetupHost.Exe" Mod="SetupHost.Exe" Err="12180" MD="" DT="2023-05-23T12:01:34"/>
<z:row Cls="D" Sev="50331648" Maj="Def" Min="Def" LN="663" Fil="" Fun="CSetupDiagnostics::LogString" Uid="51019776" Msg="CSetupDiagnostics::ReportData - Not reporting WINDLP data point [0x2004]" PID="5004" TID="1280" Con="" Exe="C:\$Windows.~WS\Sources\SetupHost.Exe" Mod="SetupHost.Exe" Err="0" MD="" DT="2023-05-23T12:01:36"/>
<z:row Cls="D" Sev="50331648" Maj="Def" Min="Def" LN="663" Fil="" Fun="CSetupDiagnostics::LogString" Uid="51019776" Msg="CSetupDiagnostics::ReportData - Not reporting WINDLP data point [0x2003]" PID="5004" TID="1280" Con="" Exe="C:\$Windows.~WS\Sources\SetupHost.Exe" Mod="SetupHost.Exe" Err="0" MD="" DT="2023-05-23T12:01:36"/>
<z:row Cls="D" Sev="50331648" Maj="Def" Min="Def" LN="663" Fil="" Fun="CSetupDiagnostics::LogString" Uid="51019776" Msg="CSetupDiagnostics::ReportData - Not reporting WINDLP data point [0x2002]" PID="5004" TID="1280" Con="" Exe="C:\$Windows.~WS\Sources\SetupHost.Exe" Mod="SetupHost.Exe" Err="0" MD="" DT="2023-05-23T12:01:36"/>
<z:row Cls="D" Sev="50331648" Maj="Def" Min="Def" LN="663" Fil="" Fun="CSetupDiagnostics::LogString" Uid="51019776" Msg="CSetupDiagnostics::ReportData - Not reporting WINDLP data point [0x2004]" PID="5004" TID="1280" Con="" Exe="C:\$Windows.~WS\Sources\SetupHost.Exe" Mod="SetupHost.Exe" Err="0" MD="" DT="2023-05-23T12:02:48"/>
<z:row Cls="D" Sev="50331648" Maj="Def" Min="Def" LN="663" Fil="" Fun="CSetupDiagnostics::LogString" Uid="51019776" Msg="CSetupDiagnostics::ReportData - Not reporting WINDLP data point [0x2003]" PID="5004" TID="1280" Con="" Exe="C:\$Windows.~WS\Sources\SetupHost.Exe" Mod="SetupHost.Exe" Err="0" MD="" DT="2023-05-23T12:02:48"/>
<z:row Cls="D" Sev="50331648" Maj="Def" Min="Def" LN="663" Fil="" Fun="CSetupDiagnostics::LogString" Uid="51019776" Msg="CSetupDiagnostics::ReportData - Not reporting WINDLP data point [0x2001]" PID="5004" TID="1280" Con="" Exe="C:\$Windows.~WS\Sources\SetupHost.Exe" Mod="SetupHost.Exe" Err="0" MD="" DT="2023-05-23T12:02:48"/>
<z:row Cls="D" Sev="50331648" Maj="Def" Min="Def" LN="663" Fil="" Fun="CSetupDiagnostics::LogString" Uid="51019776" Msg="CSetupDiagnostics::ReportData - Not reporting WINDLP data point [0x2004]" PID="5004" TID="13164" Con="" Exe="C:\$Windows.~WS\Sources\SetupHost.Exe" Mod="SetupHost.Exe" Err="0" MD="" DT="2023-05-23T12:02:48"/>
<z:row Cls="D" Sev="50331648" Maj="Def" Min="Def" LN="663" Fil="" Fun="CSetupDiagnostics::LogString" Uid="51019776" Msg="CSetupDiagnostics::ReportData - Not reporting WINDLP data point [0x2000]" PID="5004" TID="13164" Con="" Exe="C:\$Windows.~WS\Sources\SetupHost.Exe" Mod="SetupHost.Exe" Err="0" MD="" DT="2023-05-23T12:02:48"/>
<z:row Cls="D" Sev="50331648" Maj="Def" Min="Def" LN="663" Fil="" Fun="CSetupDiagnostics::LogString" Uid="51019776" Msg="CSetupDiagnostics::ReportData - Not reporting WINDLP data point [0x3000]" PID="5004" TID="13164" Con="" Exe="C:\$Windows.~WS\Sources\SetupHost.Exe" Mod="SetupHost.Exe" Err="0" MD="" DT="2023-05-23T12:02:48"/>
<z:row Cls="D" Sev="50331648" Maj="Def" Min="Def" LN="663" Fil="" Fun="CSetupDiagnostics::LogString" Uid="51019776" Msg="CSetupDiagnostics::ReportData - Not reporting WINDLP data point [0x1001]" PID="5004" TID="13164" Con="" Exe="C:\$Windows.~WS\Sources\SetupHost.Exe" Mod="SetupHost.Exe" Err="0" MD="" DT="2023-05-23T12:02:52"/>
<z:row Cls="D" Sev="50331648" Maj="Def" Min="Def" LN="663" Fil="" Fun="CSetupDiagnostics::LogString" Uid="51019776" Msg="Progress stalled: [ Error: 0x41800100 ] The BITS job is currently queued. " PID="5004" TID="7836" Con="" Exe="C:\$Windows.~WS\Sources\SetupHost.Exe" Mod="SetupMgr.dll" Err="1008" MD="" DT="2023-05-23T12:02:52"/>
<z:row Cls="D" Sev="50331648" Maj="Def" Min="Def" LN="663" Fil="" Fun="CSetupDiagnostics::LogString" Uid="51019776" Msg="CSetupDiagnostics::ReportData - Not reporting WINDLP data point [0x1005]" PID="5004" TID="13260" Con="" Exe="C:\$Windows.~WS\Sources\SetupHost.Exe" Mod="SetupHost.Exe" Err="0" MD="" DT="2023-05-23T12:05:04"/>
<z:row Cls="D" Sev="50331648" Maj="Def" Min="Def" LN="663" Fil="" Fun="CSetupDiagnostics::LogString" Uid="51019776" Msg="CSetupDiagnostics::ReportData - Not reporting WINDLP data point [0x1006]" PID="5004" TID="13260" Con="" Exe="C:\$Windows.~WS\Sources\SetupHost.Exe" Mod="SetupHost.Exe" Err="0" MD="" DT="2023-05-23T12:05:04"/>
<z:row Cls="D" Sev="50331648" Maj="Def" Min="Def" LN="663" Fil="" Fun="CSetupDiagnostics::LogString" Uid="51019776" Msg="CSetupDiagnostics::ReportData - Not reporting WINDLP data point [0x1003]" PID="5004" TID="13164" Con="" Exe="C:\$Windows.~WS\Sources\SetupHost.Exe" Mod="SetupHost.Exe" Err="0" MD="" DT="2023-05-23T12:05:04"/>
<z:row Cls="D" Sev="50331648" Maj="Def" Min="Def" LN="663" Fil="" Fun="CSetupDiagnostics::LogString" Uid="51019776" Msg="CSetupDiagnostics::ReportData - Not reporting WINDLP data point [0x1004]" PID="5004" TID="13164" Con="" Exe="C:\$Windows.~WS\Sources\SetupHost.Exe" Mod="SetupHost.Exe" Err="0" MD="" DT="2023-05-23T12:05:04"/>
<z:row Cls="D" Sev="50331648" Maj="Def" Min="Def" LN="663" Fil="" Fun="CSetupDiagnostics::LogString" Uid="51019776" Msg="CSetupDiagnostics::ReportData - Not reporting WINDLP data point [0x1007]" PID="5004" TID="13164" Con="" Exe="C:\$Windows.~WS\Sources\SetupHost.Exe" Mod="SetupHost.Exe" Err="0" MD="" DT="2023-05-23T12:05:04"/>
<z:row Cls="D" Sev="50331648" Maj="Def" Min="Def" LN="663" Fil="" Fun="CSetupDiagnostics::LogString" Uid="51019776" Msg="CSetupDiagnostics::ReportData - Not reporting WINDLP data point [0x1002]" PID="5004" TID="13164" Con="" Exe="C:\$Windows.~WS\Sources\SetupHost.Exe" Mod="SetupHost.Exe" Err="0" MD="" DT="2023-05-23T12:05:04"/>
<z:row Cls="D" Sev="50331648" Maj="Def" Min="Def" LN="663" Fil="" Fun="CSetupDiagnostics::LogString" Uid="51019776" Msg="CSetupDiagnostics::ReportData - Not reporting WINDLP data point [0x2002]" PID="5004" TID="5340" Con="" Exe="C:\$Windows.~WS\Sources\SetupHost.Exe" Mod="SetupHost.Exe" Err="0" MD="" DT="2023-05-23T12:05:04"/>
<z:row Cls="D" Sev="50331648" Maj="Def" Min="Def" LN="663" Fil="" Fun="CSetupDiagnostics::LogString" Uid="51019776" Msg="RecoverCrypto: File hash DOES NOT match." PID="5004" TID="5340" Con="" Exe="C:\$Windows.~WS\Sources\SetupHost.Exe" Mod="SetupHost.Exe" Err="0" MD="" DT="2023-05-23T12:05:11"/>
<z:row Cls="D" Sev="50331648" Maj="Def" Min="Def" LN="663" Fil="" Fun="CSetupDiagnostics::LogString" Uid="51019776" Msg="CSetupDiagnostics::ReportData - Not reporting WINDLP data point [0x2101]" PID="5004" TID="5340" Con="" Exe="C:\$Windows.~WS\Sources\SetupHost.Exe" Mod="SetupHost.Exe" Err="0" MD="" DT="2023-05-23T12:05:25"/>
<z:row Cls="D" Sev="50331648" Maj="Def" Min="Def" LN="663" Fil="" Fun="CSetupDiagnostics::LogString" Uid="51019776" Msg="CSetupDiagnostics::ReportData - Not reporting WINDLP data point [0x2100]" PID="5004" TID="5340" Con="" Exe="C:\$Windows.~WS\Sources\SetupHost.Exe" Mod="SetupHost.Exe" Err="0" MD="" DT="2023-05-23T12:05:25"/>
<z:row Cls="D" Sev="50331648" Maj="Def" Min="Def" LN="663" Fil="" Fun="CSetupDiagnostics::LogString" Uid="51019776" Msg="CSetupDiagnostics::ReportData - Not reporting WINDLP data point [0x2004]" PID="5004" TID="5340" Con="" Exe="C:\$Windows.~WS\Sources\SetupHost.Exe" Mod="SetupHost.Exe" Err="0" MD="" DT="2023-05-23T12:05:25"/>
<z:row Cls="D" Sev="50331648" Maj="Def" Min="Def" LN="663" Fil="" Fun="CSetupDiagnostics::LogString" Uid="51019776" Msg="CSetupDiagnostics::ReportData - Not reporting WINDLP data point [0x2003]" PID="5004" TID="5340" Con="" Exe="C:\$Windows.~WS\Sources\SetupHost.Exe" Mod="SetupHost.Exe" Err="0" MD="" DT="2023-05-23T12:05:25"/>
<z:row Cls="D" Sev="50331648" Maj="Def" Min="Def" LN="663" Fil="" Fun="CSetupDiagnostics::LogString" Uid="51019776" Msg="CSetupDiagnostics::ReportData - Not reporting WINDLP data point [0x2004]" PID="5004" TID="13164" Con="" Exe="C:\$Windows.~WS\Sources\SetupHost.Exe" Mod="SetupHost.Exe" Err="0" MD="" DT="2023-05-23T12:05:25"/>
<z:row Cls="D" Sev="50331648" Maj="Def" Min="Def" LN="663" Fil="" Fun="CSetupDiagnostics::LogString" Uid="51019776" Msg="CSetupDiagnostics::ReportData - Not reporting WINDLP data point [0x2000]" PID="5004" TID="13164" Con="" Exe="C:\$Windows.~WS\Sources\SetupHost.Exe" Mod="SetupHost.Exe" Err="0" MD="" DT="2023-05-23T12:05:25"/>
<z:row Cls="D" Sev="50331648" Maj="Def" Min="Def" LN="663" Fil="" Fun="CSetupDiagnostics::LogString" Uid="51019776" Msg="CSetupDiagnostics::ReportData - Not reporting WINDLP data point [0x3000]" PID="5004" TID="13164" Con="" Exe="C:\$Windows.~WS\Sources\SetupHost.Exe" Mod="SetupHost.Exe" Err="0" MD="" DT="2023-05-23T12:05:25"/>
<z:row Cls="D" Sev="50331648" Maj="Def" Min="Def" LN="663" Fil="" Fun="CSetupDiagnostics::LogString" Uid="51019776" Msg="CSetupDiagnostics::ReportData - Not reporting WINDLP data point [0x2002]" PID="5004" TID="7264" Con="" Exe="C:\$Windows.~WS\Sources\SetupHost.Exe" Mod="SetupHost.Exe" Err="2" MD="" DT="2023-05-23T12:05:25"/>
<z:row Cls="D" Sev="50331648" Maj="Def" Min="Def" LN="663" Fil="" Fun="CSetupDiagnostics::LogString" Uid="51019776" Msg="CSetupDiagnostics::ReportData - Not reporting WINDLP data point [0x2004]" PID="5004" TID="7264" Con="" Exe="C:\$Windows.~WS\Sources\SetupHost.Exe" Mod="SetupHost.Exe" Err="0" MD="" DT="2023-05-23T12:06:08"/>
<z:row Cls="D" Sev="50331648" Maj="Def" Min="Def" LN="663" Fil="" Fun="CSetupDiagnostics::LogString" Uid="51019776" Msg="CSetupDiagnostics::ReportData - Not reporting WINDLP data point [0x2003]" PID="5004" TID="7264" Con="" Exe="C:\$Windows.~WS\Sources\SetupHost.Exe" Mod="SetupHost.Exe" Err="0" MD="" DT="2023-05-23T12:06:08"/>
<z:row Cls="D" Sev="50331648" Maj="Def" Min="Def" LN="663" Fil="" Fun="CSetupDiagnostics::LogString" Uid="51019776" Msg="CSetupDiagnostics::ReportData - Not reporting WINDLP data point [0x2002]" PID="5004" TID="7264" Con="" Exe="C:\$Windows.~WS\Sources\SetupHost.Exe" Mod="SetupHost.Exe" Err="0" MD="" DT="2023-05-23T12:06:08"/>
<z:row Cls="D" Sev="50331648" Maj="Def" Min="Def" LN="663" Fil="" Fun="CSetupDiagnostics::LogString" Uid="51019776" Msg="CSetupDiagnostics::ReportData - Not reporting WINDLP data point [0x2004]" PID="5004" TID="7264" Con="" Exe="C:\$Windows.~WS\Sources\SetupHost.Exe" Mod="SetupHost.Exe" Err="0" MD="" DT="2023-05-23T12:23:12"/>
<z:row Cls="D" Sev="50331648" Maj="Def" Min="Def" LN="663" Fil="" Fun="CSetupDiagnostics::LogString" Uid="51019776" Msg="CSetupDiagnostics::ReportData - Not reporting WINDLP data point [0x2003]" PID="5004" TID="7264" Con="" Exe="C:\$Windows.~WS\Sources\SetupHost.Exe" Mod="SetupHost.Exe" Err="0" MD="" DT="2023-05-23T12:23:12"/>
<z:row Cls="D" Sev="50331648" Maj="Def" Min="Def" LN="663" Fil="" Fun="CSetupDiagnostics::LogString" Uid="51019776" Msg="CSetupDiagnostics::ReportData - Not reporting WINDLP data point [0x2004]" PID="5004" TID="13164" Con="" Exe="C:\$Windows.~WS\Sources\SetupHost.Exe" Mod="SetupHost.Exe" Err="0" MD="" DT="2023-05-23T12:23:12"/>
<z:row Cls="D" Sev="50331648" Maj="Def" Min="Def" LN="663" Fil="" Fun="CSetupDiagnostics::LogString" Uid="51019776" Msg="CSetupDiagnostics::ReportData - Not reporting WINDLP data point [0x2000]" PID="5004" TID="13164" Con="" Exe="C:\$Windows.~WS\Sources\SetupHost.Exe" Mod="SetupHost.Exe" Err="0" MD="" DT="2023-05-23T12:23:12"/>
<z:row Cls="D" Sev="50331648" Maj="Def" Min="Def" LN="663" Fil="" Fun="CSetupDiagnostics::LogString" Uid="51019776" Msg="CSetupDiagnostics::ReportData - Not reporting WINDLP data point [0x3000]" PID="5004" TID="13164" Con="" Exe="C:\$Windows.~WS\Sources\SetupHost.Exe" Mod="SetupHost.Exe" Err="0" MD="" DT="2023-05-23T12:23:12"/>
<z:row Cls="D" Sev="50331648" Maj="Def" Min="Def" LN="663" Fil="" Fun="CSetupDiagnostics::LogString" Uid="51019776" Msg="CSetupDiagnostics::ReportData - Not reporting WINDLP data point [0x2002]" PID="5004" TID="12780" Con="" Exe="C:\$Windows.~WS\Sources\SetupHost.Exe" Mod="SetupHost.Exe" Err="0" MD="" DT="2023-05-23T12:23:12"/>
<z:row Cls="D" Sev="50331648" Maj="Def" Min="Def" LN="663" Fil="" Fun="CSetupDiagnostics::LogString" Uid="51019776" Msg="ImageExit: Unable to resurrect NewSystem object. hr=0x80070002" PID="5004" TID="12780" Con="" Exe="C:\$Windows.~WS\Sources\SetupHost.Exe" Mod="SetupHost.Exe" Err="2" MD="" DT="2023-05-23T12:23:12"/>
<z:row Cls="D" Sev="50331648" Maj="Def" Min="Def" LN="663" Fil="" Fun="CSetupDiagnostics::LogString" Uid="51019776" Msg="Finalize: Compat instance not found." PID="5004" TID="12780" Con="" Exe="C:\$Windows.~WS\Sources\SetupHost.Exe" Mod="SetupHost.Exe" Err="0" MD="" DT="2023-05-23T12:23:12"/>
<z:row Cls="D" Sev="50331648" Maj="Def" Min="Def" LN="663" Fil="" Fun="CSetupDiagnostics::LogString" Uid="51019776" Msg="CSetupDiagnostics::ReportData - Not reporting WINDLP data point [0x2004]" PID="5004" TID="12780" Con="" Exe="C:\$Windows.~WS\Sources\SetupHost.Exe" Mod="SetupHost.Exe" Err="0" MD="" DT="2023-05-23T12:23:13"/>
<z:row Cls="D" Sev="50331648" Maj="Def" Min="Def" LN="663" Fil="" Fun="CSetupDiagnostics::LogString" Uid="51019776" Msg="CSetupDiagnostics::ReportData - Not reporting WINDLP data point [0x2003]" PID="5004" TID="12780" Con="" Exe="C:\$Windows.~WS\Sources\SetupHost.Exe" Mod="SetupHost.Exe" Err="0" MD="" DT="2023-05-23T12:23:13"/>
<z:row Cls="D" Sev="50331648" Maj="Def" Min="Def" LN="663" Fil="" Fun="CSetupDiagnostics::LogString" Uid="51019776" Msg="CSetupDiagnostics::ReportData - Not reporting WINDLP data point [0x2001]" PID="5004" TID="12780" Con="" Exe="C:\$Windows.~WS\Sources\SetupHost.Exe" Mod="SetupHost.Exe" Err="0" MD="" DT="2023-05-23T12:23:13"/>
<z:row Cls="D" Sev="50331648" Maj="Def" Min="Def" LN="663" Fil="" Fun="CSetupDiagnostics::LogString" Uid="51019776" Msg="CSetupDiagnostics::ReportData - Not reporting WINDLP data point [0x2004]" PID="5004" TID="13164" Con="" Exe="C:\$Windows.~WS\Sources\SetupHost.Exe" Mod="SetupHost.Exe" Err="0" MD="" DT="2023-05-23T12:23:13"/>
<z:row Cls="D" Sev="50331648" Maj="Def" Min="Def" LN="663" Fil="" Fun="CSetupDiagnostics::LogString" Uid="51019776" Msg="CSetupDiagnostics::ReportData - Not reporting WINDLP data point [0x2000]" PID="5004" TID="13164" Con="" Exe="C:\$Windows.~WS\Sources\SetupHost.Exe" Mod="SetupHost.Exe" Err="0" MD="" DT="2023-05-23T12:23:13"/>
<z:row Cls="D" Sev="50331648" Maj="Def" Min="Def" LN="663" Fil="" Fun="CSetupDiagnostics::LogString" Uid="51019776" Msg="CSetupDiagnostics::ReportData - Not reporting WINDLP data point [0x3000]" PID="5004" TID="13164" Con="" Exe="C:\$Windows.~WS\Sources\SetupHost.Exe" Mod="SetupHost.Exe" Err="0" MD="" DT="2023-05-23T12:23:13"/>
<z:row Cls="D" Sev="50331648" Maj="Def" Min="Def" LN="663" Fil="" Fun="CSetupDiagnostics::LogString" Uid="51019776" Msg="SetupNotify::ReportEvent - Report ID or Event Reporter not available." PID="5004" TID="13164" Con="" Exe="C:\$Windows.~WS\Sources\SetupHost.Exe" Mod="SetupHost.Exe" Err="0" MD="" DT="2023-05-23T12:23:13"/>
</rs:data>
</xml>
